yearID,T_ID,gameNO,GDAY_DS,VS_T_ID,HEADER_NO,TB_SC,CG_CK,HOLD,INN2,BF,PA_P,AB_P,HIT_P,H2_P,H3_P,HR_P,SB_P,CS_P,SH_P,SF_P,BB_P,IB_P,HP_P,KK_P,GD_P,WP_P,BK_P,ERR_P,R_P,ER_P,P_WHIP_RT_P,P2_WHIP_RT_P,CB_WHIP_RT_P,PA_B,AB_B,RBI_B,RUN_B,HIT_B,H2_B,H3_B,HR_B,SB_B,CS_B,SH_B,SF_B,BB_B,IB_B,HP_B,KK_B,GD_B,ERR_B,LOB_B,P_HRA_RT_B,P_AB_CN_B,P_HIT_CN_B,WLS
2018,HH,114,20180816,SS,0,T,0,0,24,159,35,28,6,2,0,1,1,0,1,0,6,0,0,8,2,2,0,0,5,4,0.857142857,1.428571429,1.333333333,32,30,2,2,5,2,0,0,0,0,0,0,2,0,0,9,1,2,3,0.25,4,1,L
2018,HH,115,20180904,LT,0,B,0,2,27,168,40,32,6,0,0,0,0,0,0,0,6,1,2,14,1,1,0,0,4,3,1.2,1.038461538,1.333333333,41,34,6,6,11,2,0,2,1,2,0,0,6,1,1,11,0,1,11,0.157894736999999,19,3,W
2018,HH,116,20180905,LT,0,B,0,2,27,179,46,38,12,1,0,2,1,1,0,0,7,0,1,11,0,0,0,0,5,5,1.875,2.2,3.428571429,43,37,11,11,12,1,0,2,0,0,0,0,4,0,2,5,0,0,8,0.357142857,14,5,W
2018,HH,117,20180906,KT,0,T,0,0,27,146,35,33,6,2,0,1,2,0,0,0,2,0,0,5,0,1,0,0,2,2,1.5,0.333333333,3.0,51,49,7,9,23,4,0,0,1,1,0,0,2,0,0,8,1,0,15,0.333333333,24,8,W
2018,HH,118,20180907,KT,0,T,0,0,24,147,42,36,12,3,0,0,1,0,0,1,5,0,0,8,0,3,0,0,12,10,3.0,3.0,4.5,40,37,4,4,9,3,0,2,1,0,0,0,3,0,0,10,0,1,9,0.125,8,1,L
2018,HH,119,20180908,LG,0,T,0,0,24,125,32,30,8,2,0,0,0,0,1,0,1,0,0,6,1,2,0,1,5,3,1.5,2.5,1.333333333,32,32,1,1,5,2,0,0,1,0,0,0,0,0,0,12,0,0,4,0.2,5,1,L
2018,HH,120,20180909,LG,0,T,0,0,24,176,41,31,11,2,0,0,0,0,2,2,4,0,2,4,1,3,0,0,8,8,1.636363636,2.538461538,2.333333333,36,33,5,5,6,0,0,1,1,0,0,0,2,0,1,7,0,1,4,0.6,5,3,L
2018,HH,121,20180911,SS,0,T,0,0,36,214,50,47,12,1,0,1,1,1,0,0,3,0,0,9,0,1,0,0,7,7,3.0,1.222222222,0.375,51,47,8,8,12,0,0,3,2,1,0,0,4,0,0,16,0,0,7,0.5,4,2,W
2018,HH,122,20180912,SS,0,T,0,0,27,140,34,29,6,0,0,1,1,0,0,0,4,0,1,6,4,0,0,0,3,3,0.75,1.0,1.333333333,40,36,7,7,9,1,0,3,0,1,0,0,4,0,0,10,0,0,6,0.375,8,3,W
2018,HH,123,20180913,SK,0,B,0,0,27,132,35,33,8,0,0,1,1,0,0,0,2,0,0,4,2,0,0,0,2,2,1.5,1.111111111,0.25,36,32,1,1,5,0,0,1,0,0,0,0,3,0,1,9,0,1,8,0.0,4,0,L
2018,HH,124,20180914,SK,0,B,0,0,27,171,40,35,7,3,0,1,1,0,0,0,4,0,1,9,0,0,0,0,7,7,1.5,1.875,1.2,38,37,5,5,11,4,0,1,0,0,0,0,1,0,0,9,0,1,6,0.3,10,3,L
2018,HH,125,20180915,LG,0,B,0,0,27,166,46,37,10,0,0,4,1,0,0,1,6,0,2,5,1,2,0,0,12,8,2.5,3.428571429,2.0,39,34,4,4,8,2,0,2,0,0,0,0,2,0,3,3,1,2,8,0.142857143,7,1,L
2018,HH,126,20180916,LG,0,B,0,0,27,151,37,33,8,2,0,0,1,1,0,0,3,0,1,8,2,0,0,0,1,1,0.5,0.75,0.545454545,36,34,5,5,11,6,0,1,0,0,0,0,2,0,0,3,0,2,7,0.333333333,9,3,W
2018,HH,127,20180918,NC,0,T,0,0,24,144,40,33,13,0,0,0,1,1,0,2,4,0,1,7,2,2,0,1,10,8,2.25,12.0,0.461538462,36,33,3,3,11,2,0,0,0,1,1,0,2,0,0,5,3,1,6,0.272727273,11,3,L
2018,HH,128,20180919,NC,0,T,0,1,27,134,35,33,9,5,0,0,0,0,0,1,1,0,0,6,1,0,0,0,4,4,1.714285714,1.25,1.5,43,39,5,7,13,3,0,1,1,0,0,1,3,0,0,10,1,1,9,0.181818182,11,2,W
2018,HH,129,20180920,SK,0,T,0,1,27,110,37,36,10,2,0,0,0,0,0,1,0,0,0,7,0,0,0,0,2,2,0.428571429,0.6,3.0,40,36,8,8,10,0,0,3,2,0,1,0,2,0,1,8,2,0,5,0.3,10,3,W
2018,HH,130,20180921,SK,0,T,0,0,24,134,37,32,9,0,0,2,2,1,1,0,2,0,2,6,0,0,0,0,5,5,0.75,1.375,2.5,39,36,4,4,11,1,0,1,0,0,0,0,2,0,1,8,1,2,8,0.1,10,1,L
2018,HH,131,20180922,HT,0,B,0,0,27,198,48,38,16,3,0,0,1,1,0,1,6,0,3,5,3,1,0,0,11,11,3.0,9.0,3.0,33,30,5,5,6,2,0,1,0,1,0,0,2,0,1,5,0,1,1,0.666666667,3,2,L
2018,HH,132,20180923,HT,0,B,0,0,27,184,43,35,11,2,0,1,2,0,0,1,7,0,0,8,1,0,0,1,6,6,1.384615385,3.0,3.428571429,41,35,8,8,12,4,0,2,1,0,1,0,4,1,1,8,0,0,9,0.214285714,14,3,W
2018,HH,133,20180925,SS,0,B,0,0,27,163,42,32,10,2,0,3,1,0,1,2,6,0,1,3,2,1,0,0,8,8,1.0,12.0,2.333333333,33,31,1,1,6,0,0,1,1,0,0,0,2,0,0,7,2,0,5,0.0,3,0,L
2018,HH,134,20180926,SS,0,B,0,3,27,172,40,35,9,1,1,1,2,0,0,0,5,0,0,5,0,0,0,0,4,4,1.285714286,1.846153846,1.2,34,32,8,8,9,0,0,5,0,1,0,1,1,0,0,5,0,0,2,0.0,2,0,W
2018,HH,135,20180927,OB,0,B,0,1,27,154,39,37,10,2,0,2,0,0,0,0,2,0,0,14,0,0,0,0,6,6,3.0,1.928571429,1.333333333,39,33,8,9,13,1,0,2,0,1,0,1,4,0,1,3,2,0,6,0.3,10,3,W
2018,HH,136,20180928,OB,0,B,0,0,30,177,42,37,9,2,0,1,1,0,0,0,5,0,0,7,1,0,0,0,4,4,1.2,1.4,2.333333333,46,37,3,5,10,2,0,0,4,0,1,0,6,1,2,8,1,0,13,0.153846154,13,2,W
2018,HH,137,20180929,HT,0,T,0,0,24,112,34,30,8,1,0,1,0,0,0,1,3,0,0,6,1,1,0,0,4,3,0.6,1.6,2.142857143,34,32,3,3,4,0,0,1,0,0,0,0,2,0,0,9,0,0,4,0.5,2,1,L
2018,HH,138,20180930,HT,0,T,0,2,24,145,38,36,15,2,0,0,0,1,0,1,0,0,1,5,1,3,0,1,6,5,0.9,1.833333333,1.5,38,35,4,4,9,1,0,0,2,1,0,0,2,0,1,7,1,0,7,0.333333333,9,3,L
2018,HH,139,20181003,LT,0,B,0,1,27,156,41,35,9,3,0,0,1,0,0,0,6,1,0,9,1,0,0,0,6,6,3.5,1.95,1.5,38,32,6,7,9,1,0,1,0,0,1,0,5,0,0,6,1,0,7,0.333333333,12,4,W
2018,HH,140,20181004,LT,0,B,0,0,27,189,44,39,13,1,0,3,0,1,0,0,3,0,2,12,2,0,0,0,7,5,2.25,1.5,1.66666666699999,36,33,2,2,5,0,0,1,0,0,0,0,3,0,0,13,0,3,7,0.0,3,0,L
2018,HH,141,20181006,LT,0,T,0,0,24,137,40,33,9,2,0,2,1,0,0,0,7,0,0,8,0,0,0,0,8,8,2.333333333,3.230769231,2.25,36,34,5,5,9,1,0,2,0,0,0,0,2,0,0,6,2,0,4,0.2,5,1,L
2018,HH,142,20181009,KT,0,T,0,0,27,189,42,37,11,1,0,1,1,0,0,0,5,0,0,14,1,0,0,0,6,5,3.0,3.5,2.333333333,44,40,10,10,16,5,0,3,0,1,2,0,1,0,1,7,0,2,7,0.4,15,6,W
2018,HH,143,20181010,HT,0,T,0,0,24,140,35,32,10,1,0,1,0,2,0,0,3,0,0,7,1,0,0,0,6,6,3.0,1.6875,3.0,33,29,1,1,5,1,0,1,0,2,0,0,4,0,0,5,1,1,5,0.0,2,0,L
2018,HH,144,20181013,NC,0,B,0,0,27,185,41,35,8,1,0,3,0,0,0,0,6,0,0,11,0,1,0,0,8,8,3.6,1.8,2.0,39,34,9,10,11,2,0,1,0,0,0,1,4,0,0,4,1,0,5,0.7,10,7,W
2018,HT,114,20180907,WO,0,B,0,2,27,174,41,37,12,0,0,1,0,0,0,1,3,0,0,10,1,0,0,1,5,5,1.2,1.285714286,1.8,39,30,7,7,8,2,0,0,0,0,1,1,6,0,1,9,0,0,8,0.285714286,14,4,W
2018,HT,115,20180908,SS,0,B,0,0,27,166,37,34,8,2,0,0,0,0,0,0,3,0,0,6,1,0,0,0,4,4,2.4,0.8,1.333333333,40,34,12,12,12,0,1,3,1,0,0,1,4,0,1,6,1,0,4,0.75,4,3,W
2018,HT,116,20180909,SS,0,B,0,0,27,190,41,36,9,0,0,1,1,0,0,0,5,1,0,10,0,0,0,0,6,6,3.0,1.2,1.5,37,32,5,5,4,1,1,1,0,0,0,0,4,0,1,9,0,0,5,0.5,4,2,L
2018,HT,117,20180911,NC,0,T,0,0,24,191,41,30,11,0,0,0,3,1,1,0,9,1,1,5,4,0,0,1,10,6,2.666666667,2.60869565199999,2.1,42,32,7,7,7,2,0,2,1,0,0,1,9,0,0,4,1,0,8,0.375,8,3,L
2018,HT,118,20180912,NC,0,T,0,0,26,144,38,33,9,2,0,3,0,0,1,1,2,0,1,8,0,2,0,0,5,5,1.0,1.5,1.125,36,35,4,4,9,0,0,1,0,1,0,0,1,0,0,5,0,1,5,0.285714286,7,2,L
2018,HT,119,20180914,LT,0,T,0,1,27,155,40,34,11,5,0,1,1,0,1,0,5,0,0,9,1,0,0,0,5,5,2.25,1.8,2.333333333,50,44,9,9,18,4,0,1,1,1,0,0,5,1,1,7,0,0,14,0.294117647,17,5,W
2018,HT,120,20180915,SK,0,B,0,2,27,117,33,31,6,2,0,0,1,0,1,0,1,0,0,7,1,0,0,0,2,2,0.333333333,0.777777777999999,1.0,38,31,3,4,10,3,0,0,0,1,0,0,7,1,0,8,1,0,10,0.285714286,7,2,W
2018,HT,121,20180916,SK,0,B,0,0,30,194,47,41,13,3,1,2,0,1,0,0,6,1,0,8,1,1,0,0,6,5,1.09090909099999,1.9,1.363636364,52,37,6,7,13,0,0,2,0,0,2,0,13,1,0,6,1,3,17,0.230769231,13,3,W
2018,HT,122,20180918,SS,0,T,0,0,27,148,37,34,7,2,0,1,0,0,0,0,3,0,0,9,0,0,0,0,3,3,0.818181818,1.5,1.5,52,42,17,18,16,2,0,3,0,0,0,1,6,0,3,6,1,0,7,0.4375,16,7,W
2018,HT,123,20180919,SS,0,T,0,0,26,175,45,41,15,3,0,3,3,0,0,0,4,0,0,13,0,0,0,0,9,8,2.625,2.666666667,0.461538462,42,38,8,8,13,1,0,3,1,0,0,0,4,0,0,6,1,1,7,0.454545455,11,5,L
2018,HT,124,20180920,NC,0,B,0,0,27,161,43,35,10,1,0,1,2,0,0,0,7,1,1,9,1,2,0,0,6,6,1.25,2.18181818199999,1.5,39,32,7,7,11,5,1,0,1,0,1,2,4,0,0,5,0,0,7,0.25,12,3,W
2018,HT,125,20180921,NC,0,B,0,0,27,148,36,33,10,0,0,0,0,1,0,1,2,0,0,8,2,0,0,0,4,4,1.2,1.333333333,0.818181818,40,35,4,6,10,2,0,0,3,0,0,0,5,1,0,9,1,0,10,0.285714286,14,4,W
2018,HT,126,20180922,HH,0,T,0,0,27,151,33,30,6,2,0,1,0,1,0,0,2,0,1,5,0,0,0,0,5,5,4.5,0.0,0.230769231,48,38,10,11,16,3,0,0,1,1,0,1,6,0,3,5,3,0,10,0.470588235,17,8,W
2018,HT,127,20180923,HH,0,T,0,1,24,161,41,35,12,4,0,2,1,0,1,0,4,1,1,8,0,0,0,0,8,8,1.5,2.7,1.09090909099999,43,35,6,6,11,2,0,1,2,0,0,1,7,0,0,8,1,0,10,0.230769231,13,3,L
2018,HT,128,20180925,KT,0,T,0,3,27,189,47,40,11,3,0,0,0,0,0,0,7,0,0,6,0,1,0,0,7,5,1.615384615,0.6,3.428571429,47,37,8,9,12,3,0,1,3,0,0,1,8,1,1,2,1,2,11,0.25,20,5,W
2018,HT,129,20180926,KT,0,T,0,0,24,148,41,40,18,4,0,1,1,0,0,0,1,0,0,4,1,0,0,0,9,9,2.666666667,0.0,2.333333333,36,32,2,2,8,2,0,0,1,0,0,0,4,0,0,6,2,1,7,0.125,8,1,L
2018,HT,130,20180927,LG,0,T,0,0,24,153,39,31,11,4,0,0,0,0,1,2,5,0,0,6,1,1,0,1,9,7,1.75,12.0,0.75,32,30,1,1,3,0,0,0,0,0,0,0,2,0,0,7,0,0,4,0.333333333,3,1,L
2018,HT,131,20180928,LG,0,T,0,0,27,138,36,34,9,1,0,0,0,0,0,1,1,0,0,6,1,0,0,0,2,2,1.0,1.142857143,0.272727273,41,36,6,6,8,1,0,1,1,0,0,0,5,0,0,6,0,0,8,0.333333333,9,3,W
2018,HT,132,20180929,HH,0,B,0,0,27,140,34,32,4,0,0,1,0,0,0,0,2,0,0,9,0,0,0,0,3,3,3.0,0.428571429,1.5,34,30,3,4,8,1,0,1,0,0,0,1,3,0,0,6,1,1,6,0.0,4,0,W
2018,HT,133,20180930,HH,0,B,0,0,27,156,38,35,9,1,0,0,2,1,0,0,2,0,1,7,1,0,0,0,4,3,2.0,1.105263158,0.9,38,36,5,6,15,2,0,0,0,1,0,1,0,0,1,5,1,1,8,0.272727273,11,3,W
2018,HT,134,20181002,NC,0,B,0,0,33,180,50,46,16,3,0,0,1,1,0,1,3,0,0,4,1,1,0,0,6,6,1.2,2.5,1.384615385,48,39,5,5,9,0,0,2,0,0,0,1,6,1,2,6,2,0,10,0.2,5,1,L
2018,HT,135,20181003,SS,0,T,0,0,24,205,51,44,20,6,1,2,0,0,0,0,5,0,2,12,1,1,0,1,20,19,5.142857143,2.625,5.5,39,34,5,5,12,1,0,1,0,0,2,0,2,0,1,11,1,2,7,0.363636364,11,4,L
2018,HT,136,20181004,SK,0,T,0,3,27,185,44,35,10,0,0,1,0,0,0,1,7,0,1,14,1,0,0,0,3,3,1.875,2.0,2.625,39,36,7,7,11,0,0,4,1,0,1,0,2,0,0,5,0,0,5,0.166666667,6,1,W
2018,HT,137,20181006,SK,1,T,0,0,27,136,38,34,8,0,0,2,3,0,0,0,3,0,1,5,0,0,0,0,4,3,0.428571429,1.4,0.9,47,37,7,8,13,1,0,1,1,0,1,1,4,1,4,6,0,1,12,0.210526316,19,4,W
2018,HT,138,20181006,SK,2,T,0,0,24,140,38,34,11,2,0,0,2,0,1,0,3,0,0,8,0,0,0,1,7,4,1.5,2.5,3.0,37,36,5,5,9,0,0,3,0,1,0,0,1,0,0,8,1,1,5,0.5,2,1,L
2018,HT,139,20181007,OB,0,T,0,1,28,158,48,41,13,3,0,1,1,0,0,1,5,1,1,5,0,1,0,0,7,7,2.25,1.928571429,1.5,43,40,4,4,10,1,0,1,0,0,0,0,3,0,0,8,1,1,9,0.285714286,7,2,L
2018,HT,140,20181009,LT,0,T,0,1,31,177,51,41,16,3,0,0,2,0,0,3,6,1,1,6,1,0,0,1,11,10,2.0,1.96153846199999,2.4,53,45,10,10,12,3,1,0,0,0,0,1,7,0,0,12,1,0,10,0.4375,16,7,L
2018,HT,141,20181010,HH,0,B,0,1,27,139,33,29,5,1,0,1,0,2,0,0,4,0,0,5,1,1,0,0,1,1,1.0,0.833333333,1.66666666699999,35,32,6,6,10,1,0,1,0,2,0,0,3,0,0,7,1,0,5,0.428571429,7,3,W
2018,HT,142,20181011,LT,0,B,0,0,27,123,34,32,6,2,0,1,1,0,1,0,1,0,0,6,3,1,0,0,4,4,1.8,0.913043478,0.666666667,32,31,0,0,5,2,0,0,0,0,0,0,1,0,0,6,1,2,5,0.0,5,0,L
2018,HT,143,20181012,LT,0,B,0,0,27,146,39,35,8,2,1,2,0,0,0,0,4,0,0,9,1,1,0,0,4,3,0.857142857,1.428571429,1.2,36,33,6,6,8,3,0,0,3,0,0,0,3,0,0,6,0,2,6,0.4,10,4,W
2018,HT,144,20181013,LT,0,B,0,0,27,141,37,33,8,1,0,3,1,0,0,1,3,0,0,9,1,0,0,0,5,5,0.0,1.6875,1.333333333,33,32,1,1,7,1,0,0,0,1,0,0,0,0,1,8,2,0,5,0.142857143,7,1,L
2018,KT,114,20180904,LG,0,B,0,2,27,150,36,36,8,2,0,2,0,0,0,0,0,0,0,7,0,1,0,0,3,3,0.0,0.818181818,0.272727273,38,29,3,4,8,2,0,1,0,0,3,0,5,0,1,9,0,0,10,0.111111111,9,1,W
2018,KT,115,20180905,LG,0,B,0,3,27,141,38,35,10,5,0,0,0,0,1,0,2,2,0,7,1,1,0,0,4,4,1.875,1.30434782599999,0.9,39,30,3,3,5,1,0,0,0,1,0,1,8,0,0,6,0,0,9,0.222222222,9,2,L
2018,KT,116,20180906,HH,0,B,0,0,27,190,51,49,23,4,0,0,1,1,0,0,2,0,0,8,1,0,0,1,9,5,1.6875,3.6,3.333333333,35,33,2,2,6,2,0,1,2,0,0,0,2,0,0,5,0,2,6,0.2,5,1,L
2018,KT,117,20180907,HH,0,B,0,0,27,159,40,37,9,3,0,2,1,0,0,0,3,0,0,10,0,1,0,0,4,4,0.857142857,1.0,1.66666666699999,42,36,10,12,12,3,0,0,1,0,0,1,5,0,0,8,0,1,6,0.357142857,14,5,W
2018,KT,118,20180908,WO,0,T,0,0,27,196,46,37,11,4,0,1,1,0,0,0,8,0,1,5,1,0,0,0,6,6,2.18181818199999,2.4,3.428571429,49,42,12,12,18,3,1,3,0,0,2,0,4,0,1,8,0,1,10,0.466666667,15,7,W
2018,KT,119,20180909,WO,0,T,0,0,24,145,38,34,9,3,0,0,0,0,1,0,3,1,0,7,0,0,0,0,6,4,2.5,1.565217391,2.5,33,32,4,4,6,1,0,2,0,0,0,0,1,0,0,3,1,1,2,1.0,1,1,L
2018,KT,120,20180911,SK,0,T,0,1,29,202,43,35,7,2,0,0,1,1,0,0,7,0,1,13,0,0,0,0,4,4,2.57142857099999,1.222222222,1.09090909099999,46,39,2,3,10,0,0,2,1,0,1,0,5,0,1,13,0,0,13,0.0,12,0,L
2018,KT,121,20180912,SK,0,T,0,0,24,145,38,35,15,2,0,1,0,0,1,0,1,0,1,4,2,0,0,0,8,5,1.66666666699999,3.0,2.25,37,36,3,3,8,1,0,2,0,0,0,0,1,0,0,13,0,3,7,0.285714286,7,2,L
2018,KT,122,20180913,OB,0,T,0,0,24,171,41,34,12,2,1,2,0,0,0,1,5,0,1,5,0,2,0,0,10,7,3.5,2.57142857099999,2.333333333,34,32,3,3,6,0,0,2,0,1,0,0,2,0,0,7,0,2,4,0.0,0,0,L
2018,KT,123,20180914,OB,0,T,0,0,24,143,37,31,10,3,0,1,3,2,0,0,3,0,3,6,1,0,0,0,7,6,1.125,3.6,1.125,36,34,2,2,8,2,0,1,0,1,0,0,2,0,0,5,1,1,7,0.25,4,1,L
2018,KT,124,20180915,SS,0,B,0,0,27,163,44,41,14,1,1,1,0,0,0,1,1,0,1,8,0,0,0,0,7,3,1.2,2.142857143,2.625,41,37,5,5,12,1,0,1,0,0,0,0,3,0,1,4,2,2,9,0.272727273,11,3,L
2018,KT,125,20180916,SS,0,B,0,2,27,151,38,34,8,2,0,0,2,0,0,0,3,0,1,8,0,0,0,0,2,2,1.125,1.222222222,1.5,35,30,4,4,11,1,0,0,0,1,1,1,2,0,1,5,1,0,7,0.285714286,7,2,W
2018,KT,126,20180918,SK,0,B,0,1,27,177,41,34,9,2,0,0,0,0,1,0,6,0,0,4,1,0,0,0,5,4,2.625,1.875,2.0,41,37,9,9,12,1,0,1,3,1,0,0,4,1,0,5,0,0,8,0.6,10,6,W
2018,KT,127,20180919,SK,0,B,0,0,27,183,50,43,17,2,0,6,0,0,0,1,6,0,0,10,0,0,0,0,18,18,6.75,13.5,4.714285714,37,33,8,8,8,1,0,4,0,0,0,0,4,0,0,8,1,0,2,0.4,5,2,L
2018,KT,128,20180920,LT,0,T,0,0,24,183,42,35,12,1,0,3,0,1,0,0,5,0,2,6,0,1,0,1,11,11,2.5,3.75,4.5,42,38,10,10,11,2,0,5,0,1,0,0,4,0,0,8,0,0,5,0.571428571,7,4,L
2018,KT,129,20180922,LG,0,T,0,0,27,142,35,32,7,1,0,0,0,1,1,0,1,0,1,9,0,0,0,0,1,0,0.0,0.75,1.125,42,34,6,6,9,2,0,1,0,0,1,1,6,0,0,7,0,1,9,0.222222222,9,2,W
2018,KT,130,20180923,LG,0,T,0,0,29,178,44,38,12,0,1,1,1,1,1,1,4,0,0,4,1,2,0,0,5,5,0.9,2.0,1.5,41,36,4,4,8,2,0,0,0,1,0,0,5,1,0,6,1,0,7,0.2,10,2,L
2018,KT,131,20180925,HT,0,B,0,0,27,189,47,37,12,3,0,1,3,0,0,1,8,1,1,2,1,0,0,0,9,7,1.5,2.5,2.0,47,40,7,7,11,3,0,0,0,0,0,0,7,0,0,6,0,2,13,0.176470588,17,3,L
2018,KT,132,20180926,HT,0,B,0,0,27,139,36,32,8,2,0,0,1,0,0,0,4,0,0,6,2,0,0,0,2,2,0.75,2.0,1.333333333,41,40,9,9,18,4,0,1,1,0,0,0,1,0,0,4,1,0,8,0.5,16,8,W
2018,KT,133,20180927,SS,0,T,0,0,24,144,37,35,12,0,2,2,0,0,0,0,2,0,0,7,0,0,0,0,7,7,2.25,1.695652174,1.0,43,36,6,6,12,1,0,2,0,0,2,0,5,1,0,10,1,1,10,0.333333333,6,2,L
2018,KT,134,20180928,SS,0,T,0,1,36,215,51,47,13,1,0,2,1,0,1,0,3,0,0,8,0,0,0,0,5,5,1.0,1.333333333,1.75,53,47,5,5,14,1,0,2,3,0,1,0,5,1,0,11,1,1,12,0.083333333,12,1,D
2018,KT,135,20180929,LT,0,B,0,0,27,147,41,39,15,3,0,3,1,0,0,0,1,0,1,9,3,1,0,0,8,8,4.0,0.0,0.923076923,33,32,2,3,4,2,0,1,0,0,0,0,1,0,0,7,0,0,3,0.0,5,0,L
2018,KT,136,20180930,LT,0,B,0,0,27,173,44,39,14,2,0,1,2,0,0,0,5,0,0,4,2,2,0,0,8,8,1.4,2.0,1.363636364,42,35,6,7,11,1,0,1,2,0,0,0,7,0,0,8,3,1,8,0.5,10,5,L
2018,KT,137,20181002,LG,0,T,0,0,24,174,43,34,11,3,0,1,0,0,0,1,5,0,3,4,0,1,0,1,10,8,3.0,2.4,2.57142857099999,40,37,6,6,9,4,0,1,0,0,0,0,3,0,0,9,0,0,7,0.25,12,3,L
2018,KT,138,20181003,LG,0,T,0,2,27,142,37,37,11,2,0,1,0,1,0,0,0,0,0,8,0,1,0,0,3,3,1.0,1.375,1.5,37,34,4,4,8,1,0,1,0,1,1,0,1,0,1,8,0,0,6,0.333333333,6,2,W
2018,KT,139,20181006,SS,0,B,0,1,27,152,35,31,6,0,0,1,0,1,0,0,3,0,1,4,1,0,0,0,1,1,0.0,1.0,2.142857143,34,32,5,6,9,3,0,0,1,1,0,0,2,0,0,10,0,0,4,0.333333333,9,3,W
2018,KT,140,20181009,HH,0,B,0,0,27,160,44,40,16,5,0,3,0,1,2,0,1,0,1,7,0,0,0,0,10,10,1.909090909,2.625,1.09090909099999,42,37,5,6,11,1,0,1,1,0,0,0,5,0,0,14,1,0,9,0.428571429,7,3,L
2018,KT,141,20181010,LT,1,T,0,1,27,133,33,32,6,0,0,1,0,0,0,0,1,0,0,12,1,0,0,0,1,1,1.5,0.0,1.333333333,44,41,9,10,12,5,0,2,0,0,0,0,3,0,0,7,1,0,7,0.466666667,15,7,W
2018,KT,142,20181010,LT,2,T,0,0,27,108,31,30,4,0,0,0,1,0,0,0,1,0,0,10,1,0,0,0,0,0,0.0,1.0,1.0,39,35,7,7,8,1,0,4,0,0,0,0,3,0,1,6,1,0,5,0.25,4,1,W
2018,KT,143,20181012,WO,0,B,0,0,27,167,43,41,15,6,1,1,0,0,0,1,1,0,0,7,0,0,0,0,10,10,2.57142857099999,2.357142857,3.428571429,40,35,5,5,11,4,0,0,0,0,0,0,5,0,0,6,2,0,8,0.4,10,4,L
2018,KT,144,20181013,OB,0,T,0,0,30,158,40,40,15,0,0,0,2,1,0,0,0,0,0,8,4,1,0,0,3,2,0.692307692,1.5,1.0,43,37,4,4,12,0,0,2,0,1,1,1,4,0,0,3,1,1,9,0.25,4,1,W
2018,LG,114,20180814,HT,0,T,0,0,24,212,51,37,14,4,0,1,2,0,0,1,12,0,1,5,1,1,0,0,14,14,3.461538462,6.0,7.2,42,39,8,8,14,4,0,0,0,0,0,2,1,0,0,4,0,2,7,0.615384615,13,8,L
2018,LG,115,20180815,HT,0,T,0,0,27,145,40,35,8,2,0,1,0,0,0,0,4,0,1,8,0,0,0,0,4,4,4.0,3.0,1.333333333,43,40,13,13,16,4,0,3,0,1,0,0,2,0,1,7,2,1,3,0.583333333,12,7,W
2018,LG,116,20180816,SK,0,T,0,0,27,191,41,35,7,0,0,0,1,0,0,0,6,0,0,14,0,0,0,0,3,2,2.0,0.0,2.0,52,43,12,14,15,3,0,3,1,0,0,0,6,0,3,8,0,1,11,0.235294118,17,4,W
2018,LG,117,20180904,KT,0,T,0,0,24,157,38,29,8,2,0,1,0,0,3,0,5,0,1,9,0,0,0,0,4,3,0.75,1.65,1.5,36,36,3,3,8,2,0,2,0,0,0,0,0,0,0,7,0,1,6,0.0,3,0,L
2018,LG,118,20180905,KT,0,T,0,0,27,152,39,30,5,1,0,0,0,1,0,1,8,0,0,6,0,1,0,0,3,2,1.8,1.695652174,2.25,38,35,4,4,10,5,0,0,0,0,1,0,2,2,0,7,1,1,7,0.3,10,3,W
2018,LG,119,20180906,NC,0,B,0,2,27,149,37,35,9,1,0,2,0,0,0,0,2,0,0,7,1,0,0,0,3,3,0.375,1.05,1.5,35,35,6,6,12,1,0,1,0,0,0,0,0,0,0,6,1,0,5,0.454545455,11,5,W
2018,LG,120,20180907,NC,0,B,0,0,27,177,43,40,15,3,0,0,1,0,0,0,2,0,1,9,1,0,0,0,11,10,6.0,2.57142857099999,1.363636364,35,34,1,1,8,1,0,1,0,1,0,0,1,0,0,9,1,1,7,0.2,5,1,L
2018,LG,121,20180908,HH,0,B,0,1,27,121,32,32,5,2,0,0,1,0,0,0,0,0,0,12,0,0,0,0,1,1,0.75,0.375,1.0,32,30,4,5,8,2,0,0,0,0,1,0,1,0,0,6,1,0,3,0.333333333,9,3,W
2018,LG,122,20180909,HH,0,B,0,0,27,140,36,33,6,0,0,1,1,0,0,0,2,0,1,7,0,0,0,0,5,4,4.5,0.923076923,1.125,41,31,7,8,11,2,0,0,0,0,2,2,4,0,2,4,1,2,9,0.357142857,14,5,W
2018,LG,123,20180911,WO,0,B,0,0,27,144,34,32,6,2,0,1,0,0,0,0,2,0,0,12,1,0,1,0,3,3,1.2,0.888888889,1.0,34,33,1,1,7,2,0,0,0,0,0,0,1,0,0,6,1,2,6,0.166666667,6,1,L
2018,LG,124,20180912,WO,0,B,0,0,30,135,39,37,6,0,0,1,1,0,0,0,2,1,0,8,0,1,0,0,4,3,1.5,0.827586207,0.545454545,41,38,3,5,10,4,0,1,2,0,0,0,3,1,0,5,1,1,8,0.230769231,13,3,W
2018,LG,125,20180913,SS,0,T,0,2,27,157,40,37,10,3,0,0,0,1,0,0,3,0,0,10,1,2,0,0,5,5,1.714285714,1.363636364,1.2,44,35,6,6,12,2,0,1,0,1,2,0,6,0,1,5,0,2,11,0.272727273,11,3,W
2018,LG,126,20180914,SS,0,T,0,0,24,114,33,31,9,1,0,3,0,1,0,0,2,0,0,10,1,2,0,0,6,5,1.5,3.0,0.545454545,33,30,1,1,3,1,0,1,1,0,0,0,3,0,0,5,0,1,5,0.0,4,0,L
2018,LG,127,20180915,HH,0,T,0,0,27,134,39,34,8,2,0,2,0,0,0,0,2,0,3,3,1,0,0,0,4,4,0.5,0.5,0.818181818,46,37,12,12,10,0,0,4,1,0,0,1,6,0,2,5,1,0,7,0.444444444,9,4,W
2018,LG,128,20180916,HH,0,T,0,0,24,133,36,34,11,6,0,1,0,0,0,0,2,0,0,3,0,0,0,0,5,5,1.714285714,2.0,2.57142857099999,37,33,1,1,8,2,0,0,1,1,0,0,3,0,1,8,2,0,9,0.142857143,7,1,L
2018,LG,129,20180918,LT,0,B,0,0,27,158,39,34,9,3,0,0,0,0,2,0,2,0,1,8,1,2,0,0,4,4,1.2,1.043478261,1.333333333,38,33,1,1,7,2,0,1,0,0,1,0,3,0,1,8,0,1,10,0.0,6,0,L
2018,LG,130,20180919,LT,0,B,0,0,30,237,61,54,22,3,1,2,3,0,0,0,5,0,2,12,1,2,0,0,15,15,2.769230769,5.142857143,8.4,50,45,11,11,15,5,0,1,0,0,1,0,3,0,1,13,0,3,9,0.411764706,17,7,L
2018,LG,131,20180920,OB,0,B,0,0,27,196,48,39,14,4,0,1,1,0,0,2,7,0,0,8,0,0,0,0,9,9,1.75,2.785714286,1.0,36,33,3,3,8,2,0,1,0,2,0,0,3,0,0,11,0,0,6,0.5,2,1,L
2018,LG,132,20180921,OB,0,B,0,0,27,170,45,41,13,3,0,1,0,0,0,0,4,0,0,9,0,1,0,0,10,10,3.0,6.0,1.5,37,35,3,3,9,1,0,1,0,0,0,0,2,0,0,8,0,1,7,0.25,8,2,L
2018,LG,133,20180922,KT,0,B,0,0,27,174,42,34,9,2,0,1,0,0,1,1,6,0,0,7,0,0,0,0,6,6,1.333333333,2.5,1.09090909099999,35,32,0,1,7,1,0,0,0,1,1,0,1,0,1,9,0,0,7,0.0,5,0,L
2018,LG,134,20180923,KT,0,B,0,0,30,141,41,36,8,2,0,0,0,1,0,0,5,1,0,6,1,0,0,0,4,4,1.5,1.09090909099999,1.09090909099999,44,38,5,5,12,0,1,1,1,1,1,1,4,0,0,4,1,0,10,0.272727273,11,3,W
2018,LG,135,20180925,SK,0,T,0,0,24,149,47,43,21,2,0,5,0,0,2,0,1,0,1,4,0,0,0,0,16,13,2.666666667,2.0,3.857142857,44,38,6,7,11,2,1,1,0,1,0,0,5,0,1,9,0,2,10,0.2,15,3,L
2018,LG,136,20180926,SK,0,T,0,0,24,139,37,33,7,2,0,1,1,0,0,0,3,0,1,5,0,0,0,0,5,2,1.285714286,1.30434782599999,0.75,34,32,2,2,6,0,0,0,0,1,0,0,2,0,0,12,0,2,5,0.666666667,3,2,L
2018,LG,137,20180927,HT,0,B,0,0,27,121,32,30,3,0,0,0,0,0,0,0,2,0,0,7,0,0,0,0,1,1,1.5,0.0,0.272727273,39,31,9,9,11,4,0,0,0,0,1,2,5,0,0,6,1,0,6,0.384615385,13,5,W
2018,LG,138,20180928,HT,0,B,0,0,27,148,41,36,8,1,0,1,1,0,0,0,5,0,0,6,0,0,0,0,6,6,2.0,1.5,2.25,36,34,2,2,9,1,0,0,0,0,0,1,1,0,0,6,1,1,7,0.333333333,3,1,L
2018,LG,139,20180929,OB,0,T,0,0,24,176,44,39,14,2,0,2,1,0,0,0,4,0,1,6,0,2,0,0,9,8,2.1,1.82608695699999,2.57142857099999,53,44,8,8,16,5,0,0,0,0,1,1,6,0,1,5,0,1,18,0.19047619,21,4,L
2018,LG,140,20180930,OB,0,T,0,0,24,135,41,35,11,1,0,1,2,0,0,1,4,0,1,5,1,0,0,0,7,4,1.5,3.0,1.8,32,30,1,1,6,0,0,1,0,0,0,0,0,0,2,5,3,1,4,0.0,1,0,L
2018,LG,141,20181002,KT,0,B,0,1,27,160,40,37,9,4,0,1,0,0,0,0,3,0,0,9,0,0,0,0,6,6,1.333333333,1.411764706,0.25,43,34,9,10,11,3,0,1,0,0,0,1,5,0,3,4,0,1,9,0.416666667,12,5,W
2018,LG,142,20181003,KT,0,B,0,0,27,128,37,34,8,1,0,1,0,1,1,0,1,0,1,8,0,2,0,0,4,3,1.0,0.96,0.666666667,37,37,3,3,11,2,0,1,0,1,0,0,0,0,0,8,0,1,7,0.25,4,1,L
2018,LG,143,20181006,OB,0,T,1,0,27,134,33,28,4,1,0,0,1,1,0,0,3,0,2,7,2,1,0,0,1,1,1.0,0.652173912999999,1.875,36,33,3,3,7,0,0,2,0,0,0,0,3,0,0,5,0,0,6,0.2,5,1,W
2018,LG,144,20181013,SK,0,T,0,0,27,166,40,38,12,0,0,1,1,1,0,0,0,0,2,12,0,1,0,0,2,2,1.0,1.333333333,1.66666666699999,40,34,2,3,8,2,0,0,1,0,1,0,4,0,1,8,1,0,10,0.222222222,9,2,W
2018,LT,114,20180907,SK,0,B,0,0,27,130,34,30,3,1,0,1,1,0,1,0,2,0,1,7,0,1,0,0,3,3,0.857142857,0.681818182,0.3,35,33,0,0,7,1,0,0,2,0,0,0,2,0,0,8,1,1,8,0.0,7,0,L
2018,LT,115,20180908,NC,0,T,0,0,24,145,38,33,11,4,1,1,0,0,0,1,4,0,0,2,1,0,0,0,7,7,1.2,1.65,2.142857143,37,31,1,1,4,2,0,1,2,0,0,0,5,0,1,9,0,0,9,0.1,10,1,L
2018,LT,116,20180909,NC,0,T,0,0,24,170,45,40,16,1,1,2,2,0,0,1,4,0,0,8,0,1,0,0,11,8,2.18181818199999,3.0,1.5,41,38,3,3,11,2,0,3,0,0,0,0,3,0,0,7,1,3,11,0.0,10,0,L
2018,LT,117,20180911,OB,0,B,0,0,27,241,54,46,19,3,0,4,0,0,0,0,7,0,1,13,0,2,0,0,17,17,2.727272727,3.5,1.5,35,33,4,4,6,0,0,3,0,0,0,0,2,0,0,7,0,0,4,0.0,2,0,L
2018,LT,118,20180912,OB,0,B,0,0,27,160,44,39,14,0,1,5,0,0,0,0,5,0,0,4,2,0,0,0,13,13,2.5,2.57142857099999,1.5,44,39,9,9,12,4,0,1,0,0,0,0,5,0,0,7,1,0,8,0.466666667,15,7,L
2018,LT,119,20180914,HT,0,B,0,1,27,176,50,44,18,4,0,1,1,1,0,0,5,1,1,7,0,1,0,0,9,9,1.846153846,2.857142857,1.071428571,40,34,5,5,11,5,0,1,1,0,1,0,5,0,0,9,1,0,8,0.363636364,11,4,L
2018,LT,120,20180915,WO,0,B,0,0,27,164,40,33,9,2,0,1,0,0,1,1,5,0,0,8,1,0,0,1,6,5,1.333333333,1.55555555599999,2.25,41,34,4,5,8,0,0,3,1,0,1,0,6,0,0,12,0,0,9,0.0,9,0,L
2018,LT,121,20180916,WO,0,B,0,0,27,132,32,31,5,1,0,0,0,0,0,0,1,0,0,11,1,0,0,0,2,2,1.5,0.666666667,0.0,31,30,0,0,3,1,0,0,0,0,0,0,1,0,0,9,0,0,4,0.0,4,0,L
2018,LT,122,20180918,LG,0,T,0,0,27,162,38,33,7,2,0,1,0,0,1,0,3,0,1,8,0,0,0,0,1,1,0.0,1.285714286,0.666666667,39,34,4,4,9,3,0,0,0,0,2,0,2,0,1,8,1,0,8,0.25,12,3,W
2018,LT,123,20180919,LG,0,T,0,1,30,205,50,45,15,5,0,1,0,0,1,0,3,0,1,13,0,1,0,0,11,8,2.666666667,0.75,1.25,61,54,14,15,22,3,1,2,3,0,0,0,5,0,2,12,1,2,16,0.434782609,23,10,W
2018,LT,124,20180920,KT,0,B,0,1,27,166,42,38,11,2,0,5,0,1,0,0,4,0,0,8,0,0,0,0,10,10,3.75,0.428571429,1.0,42,35,11,11,12,1,0,3,0,1,0,0,5,0,2,6,0,1,7,0.4,10,4,W
2018,LT,125,20180922,SS,0,T,0,1,27,136,36,34,8,3,1,1,1,0,0,0,2,0,0,10,0,0,0,0,2,2,0.857142857,1.0,0.9,40,36,5,5,9,2,0,2,0,1,0,0,2,0,2,11,0,0,8,0.333333333,9,3,W
2018,LT,126,20180923,SS,0,T,0,0,24,122,33,31,8,1,0,1,1,0,2,0,0,0,0,6,0,0,0,0,5,5,1.0,1.09090909099999,1.5,38,32,2,2,7,1,0,0,0,0,1,0,4,0,1,6,2,1,9,0.181818182,11,2,L
2018,LT,127,20180925,NC,0,B,0,1,27,181,45,40,13,0,0,3,0,1,1,0,4,1,0,11,0,1,0,0,7,7,1.125,2.307692308,1.5,38,35,8,8,14,0,0,2,0,1,0,0,2,0,1,7,3,2,6,0.666666667,6,4,W
2018,LT,128,20180926,NC,0,B,0,1,27,149,38,33,7,4,0,1,0,1,0,0,4,0,1,6,0,1,0,0,7,7,2.4,0.9,0.6,40,36,7,10,12,2,1,2,1,0,0,0,4,0,0,3,1,1,6,0.4,10,4,W
2018,LT,129,20180927,WO,0,T,0,1,27,155,39,34,8,2,0,0,0,0,0,0,4,0,1,7,0,1,0,0,6,3,5.0,1.32,1.875,42,37,8,8,13,3,0,2,1,1,0,1,4,0,0,5,1,1,7,0.375,8,3,W
2018,LT,130,20180928,WO,0,T,0,0,24,146,37,29,5,2,1,1,0,0,0,1,4,0,3,12,0,0,0,0,9,6,3.0,0.705882353,1.125,42,40,8,8,14,2,0,3,0,0,0,0,1,0,1,9,0,2,7,0.333333333,9,3,L
2018,LT,131,20180929,KT,0,T,0,0,27,128,33,32,4,2,0,1,0,0,0,0,1,0,0,7,0,0,0,0,3,2,0.0,0.0,1.125,41,39,8,8,15,3,0,3,1,0,0,0,1,0,1,9,3,1,6,0.571428571,7,4,W
2018,LT,132,20180930,KT,0,T,0,3,27,177,42,35,11,1,0,1,2,0,0,0,7,0,0,8,3,2,0,0,7,7,3.0,2.0,1.636363636,44,39,8,8,14,2,0,1,2,0,0,0,5,0,0,4,2,0,9,0.368421052999999,19,7,W
2018,LT,133,20181002,SK,0,T,0,0,30,199,46,38,10,2,0,2,2,0,1,0,7,0,0,12,1,0,0,0,6,6,1.071428571,1.5,1.363636364,48,42,7,8,14,1,0,4,0,0,0,0,5,0,1,11,2,1,10,0.222222222,9,2,W
2018,LT,134,20181003,HH,0,T,0,1,24,155,38,32,9,1,0,1,0,0,1,0,5,0,0,6,1,1,0,0,7,6,1.5,1.058823529,1.125,41,35,6,6,9,3,0,0,1,0,0,0,6,1,0,9,1,1,8,0.4,10,4,L
2018,LT,135,20181004,HH,0,T,0,0,27,136,36,33,5,0,0,1,0,0,0,0,3,0,0,13,0,0,0,0,2,1,0.0,0.5,0.272727273,44,39,7,7,13,1,0,3,0,1,0,0,3,0,2,12,2,1,10,0.4,10,4,W
2018,LT,136,20181006,HH,0,B,0,2,27,151,36,34,9,1,0,2,0,0,0,0,2,0,0,6,2,0,0,0,5,5,0.75,0.75,1.333333333,40,33,8,8,9,2,0,2,1,0,0,0,7,0,0,8,0,0,8,0.25,12,3,W
2018,LT,137,20181007,NC,0,T,0,0,27,153,40,36,9,3,0,0,0,0,0,0,3,0,1,6,0,0,0,0,2,2,1.125,0.0,1.875,40,37,7,8,15,4,0,2,0,1,0,1,2,0,0,10,1,0,5,0.375,8,3,W
2018,LT,138,20181009,HT,0,B,0,0,33,186,53,45,12,3,1,0,0,0,0,1,7,0,0,12,1,0,0,0,10,8,2.7,1.5,0.5625,51,41,11,11,16,3,0,0,2,0,0,3,6,1,1,6,1,2,9,0.5,16,8,W
2018,LT,139,20181010,KT,1,B,0,0,27,170,44,41,12,5,0,2,0,0,0,0,3,0,0,7,1,3,0,0,10,10,3.0,3.75,2.25,33,32,1,1,6,0,0,1,0,0,0,0,1,0,0,12,1,3,5,0.5,2,1,L
2018,LT,140,20181010,KT,2,B,0,0,27,142,39,35,8,1,0,4,0,0,0,0,3,0,1,6,1,0,0,0,7,7,1.5,1.8,1.875,31,30,0,0,4,0,0,0,1,0,0,0,1,0,0,10,1,1,4,0.0,3,0,L
2018,LT,141,20181011,HT,0,T,0,1,27,122,32,31,5,2,0,0,0,0,0,0,1,0,0,6,1,0,0,0,0,0,0.0,0.571428571,0.25,34,32,4,4,6,2,0,1,1,0,1,0,1,0,0,6,3,0,3,0.428571429,7,3,W
2018,LT,142,20181012,HT,0,T,0,0,24,151,36,33,8,3,0,0,3,0,0,0,3,0,0,6,0,1,0,0,6,5,3.0,1.6875,1.5,39,35,3,4,8,2,1,2,0,0,0,0,4,0,0,9,1,2,8,0.125,8,1,L
2018,LT,143,20181013,HT,0,T,0,2,27,114,33,32,7,1,0,0,0,1,0,0,0,0,1,8,2,0,0,1,1,1,0.5,1.2,0.818181818,37,33,5,5,8,1,0,3,1,0,0,1,3,0,0,9,1,1,5,0.0,4,0,W
2018,LT,144,20181014,OB,0,B,0,1,27,126,37,34,8,0,0,1,1,0,0,0,2,0,1,2,1,1,0,0,5,5,2.25,0.954545455,1.0,34,32,1,1,9,3,0,0,0,0,0,0,2,0,0,4,3,0,6,0.0,3,0,L
2018,NC,114,20180814,KT,0,T,0,0,24,164,42,37,14,0,0,3,2,0,0,1,4,0,0,7,0,1,0,0,10,9,2.142857143,0.0,2.0,38,34,0,0,7,1,0,0,1,0,0,0,4,0,0,7,2,0,11,0.0,7,0,L
2018,NC,115,20180815,KT,0,T,0,0,27,181,42,36,11,2,0,2,1,0,0,0,6,0,0,4,1,0,0,0,9,9,0.923076923,0.857142857,2.0,47,44,13,13,19,2,1,5,1,0,0,1,1,0,1,5,2,0,7,0.333333333,12,4,W
2018,NC,116,20180816,KT,0,T,0,0,24,149,37,31,8,3,0,2,0,0,0,0,5,1,1,8,1,0,0,0,5,5,2.142857143,2.357142857,3.6,36,35,3,3,10,1,0,1,0,0,0,0,1,0,0,9,2,0,6,0.285714286,7,2,L
2018,NC,117,20180904,SS,0,B,0,1,27,189,45,37,9,1,0,0,1,0,0,0,5,0,3,11,0,0,0,0,5,1,0.9,1.44,0.9,32,31,3,3,6,2,0,1,0,0,0,0,1,0,0,6,2,2,2,0.166666667,6,1,L
2018,NC,118,20180905,SS,0,B,0,0,27,163,39,32,8,2,0,0,1,1,1,0,5,0,1,6,2,0,0,0,5,5,1.714285714,1.714285714,2.57142857099999,31,27,2,3,2,0,0,1,0,0,0,0,3,0,1,8,2,1,1,0.0,1,0,L
2018,NC,119,20180906,LG,0,T,0,0,24,110,35,35,12,1,0,1,0,0,0,0,0,0,0,6,1,0,0,0,6,4,1.875,1.894736842,4.2,37,35,3,3,9,1,0,2,0,0,0,0,2,0,0,7,1,2,7,0.125,8,1,L
2018,NC,120,20180907,LG,0,T,0,0,27,126,35,34,8,1,0,1,0,1,0,0,1,0,0,9,1,0,0,0,1,1,0.75,0.5,0.3,43,40,10,11,15,3,0,0,1,0,0,0,2,0,1,9,1,1,5,0.666666667,15,10,W
2018,NC,121,20180908,LT,0,B,0,2,27,156,37,31,4,2,0,1,2,0,0,0,5,0,1,9,0,0,0,0,1,1,1.0,0.857142857,3.0,38,33,7,7,11,4,1,1,0,0,0,1,4,0,0,2,1,0,7,0.181818182,11,2,W
2018,NC,122,20180909,LT,0,B,0,0,27,146,41,38,11,2,0,3,0,0,0,0,3,0,0,7,1,0,0,0,3,3,0.272727273,1.66666666699999,2.0,45,40,8,11,16,1,1,2,2,0,0,1,4,0,0,8,0,1,10,0.266666666999999,15,4,W
2018,NC,123,20180911,HT,0,B,0,0,27,181,42,32,7,2,0,2,1,0,0,1,9,0,0,4,1,0,0,0,7,7,2.5,1.75,1.8,41,30,9,10,11,0,0,0,3,1,1,0,9,1,1,5,4,0,7,0.363636364,11,4,W
2018,NC,124,20180912,HT,0,B,0,1,27,142,36,35,9,0,0,1,0,1,0,0,1,0,0,5,0,0,0,0,4,4,1.2,0.923076923,1.333333333,38,33,5,5,9,2,0,3,0,0,1,1,2,0,1,8,0,0,7,0.285714286,7,2,W
2018,NC,125,20180914,WO,0,B,0,0,27,150,36,32,6,1,0,1,0,0,0,0,3,0,1,7,1,0,0,0,3,3,0.428571429,0.5,0.6,40,34,7,7,10,2,0,1,0,0,0,0,5,0,1,6,1,0,9,0.2,10,2,W
2018,NC,126,20180915,OB,0,T,0,0,27,165,46,39,10,2,0,1,0,0,0,0,4,1,3,6,1,1,0,0,7,5,0.857142857,1.0,0.9,46,39,13,13,14,2,1,2,0,1,1,0,6,0,0,4,0,3,6,0.642857143,14,9,W
2018,NC,127,20180916,OB,0,T,0,0,24,158,36,32,8,1,0,0,1,0,0,0,4,0,0,6,0,1,0,0,5,5,3.75,2.117647059,1.0,36,33,1,1,5,0,0,0,1,0,0,0,2,0,1,3,1,0,8,0.25,4,1,L
2018,NC,128,20180918,HH,0,B,0,0,27,121,36,33,11,2,0,0,0,1,1,0,2,0,0,5,3,1,0,0,3,3,1.125,1.0,1.5,40,33,9,10,13,0,0,0,1,1,0,2,4,0,1,7,2,0,6,0.363636364,11,4,W
2018,NC,129,20180919,HH,0,B,0,0,27,163,43,39,13,3,0,1,1,0,0,1,3,0,0,10,1,1,0,1,7,5,1.09090909099999,1.846153846,1.5,35,33,4,4,9,5,0,0,0,0,0,1,1,0,0,6,1,1,4,0.444444444,9,4,L
2018,NC,130,20180920,HT,0,T,0,0,25,143,39,32,11,5,1,0,1,0,1,2,4,0,0,5,0,0,0,0,7,7,1.0,1.736842105,2.57142857099999,43,35,5,6,10,1,0,1,2,0,0,0,7,1,1,9,1,0,10,0.153846154,13,2,L
2018,NC,131,20180921,HT,0,T,0,1,24,146,40,35,10,2,0,0,3,0,0,0,5,1,0,9,1,2,0,0,6,5,1.8,1.875,3.428571429,36,33,4,4,10,0,0,0,0,1,0,1,2,0,0,8,2,2,5,0.4,5,2,L
2018,NC,132,20180922,OB,0,B,0,0,27,203,50,37,14,3,0,3,1,0,0,2,8,0,3,6,0,0,0,0,13,13,2.076923077,2.368421053,4.125,47,38,10,10,14,2,0,3,0,0,0,2,7,0,0,10,0,0,10,0.5,8,4,L
2018,NC,133,20180923,OB,0,B,0,0,27,141,42,39,13,2,0,0,0,1,1,1,1,0,0,9,0,0,0,0,3,2,0.545454545,1.55555555599999,1.8,33,26,4,4,4,0,0,1,1,0,0,1,4,0,2,7,1,1,5,0.2,5,1,W
2018,NC,134,20180925,LT,0,T,0,0,24,155,38,35,14,0,0,2,0,1,0,0,2,0,1,7,3,1,0,0,8,6,9.0,1.0,1.875,45,40,7,7,13,0,0,3,0,1,1,0,4,1,0,11,0,1,11,0.222222222,9,2,L
2018,NC,135,20180926,LT,0,T,0,0,24,177,40,36,12,2,1,2,1,0,0,0,4,0,0,3,1,2,1,0,10,10,2.142857143,1.65,3.0,38,33,7,7,7,4,0,1,0,1,0,0,4,0,1,6,0,1,4,0.375,8,3,L
2018,NC,136,20180927,SK,0,T,0,0,24,170,41,36,14,2,0,1,2,0,0,1,3,0,1,6,1,1,0,0,11,10,3.428571429,4.0,3.428571429,35,35,4,4,9,1,0,3,0,0,0,0,0,0,0,5,1,2,4,0.4,5,2,L
2018,NC,137,20180928,SK,0,T,0,0,24,122,36,32,8,1,0,2,1,0,0,0,4,0,0,6,0,0,0,1,6,6,1.8,9.0,2.142857143,32,30,2,2,7,0,0,1,0,0,0,0,2,0,0,6,4,0,3,0.0,3,0,L
2018,NC,138,20180929,WO,0,T,0,0,26,151,38,37,10,1,0,3,0,0,0,0,1,1,0,10,0,0,0,0,6,3,1.5,1.125,1.5,39,37,5,5,11,3,0,0,2,1,1,0,1,0,0,6,0,1,7,0.444444444,9,4,L
2018,NC,139,20180930,WO,0,T,0,0,24,136,34,32,9,1,0,3,0,1,0,0,2,0,0,10,0,0,0,0,8,8,4.5,1.5,2.142857143,33,32,2,2,5,1,0,2,0,0,0,0,1,0,0,9,0,0,4,0.0,3,0,L
2018,NC,140,20181002,HT,0,T,0,1,33,179,48,39,9,0,0,2,0,0,0,1,6,1,2,6,2,0,0,0,5,5,1.5,1.071428571,2.0,50,46,6,6,16,3,0,0,1,1,0,1,3,0,0,4,1,0,11,0.235294118,17,4,W
2018,NC,141,20181006,WO,0,B,0,0,27,173,41,35,12,4,0,2,0,1,0,1,4,0,1,11,1,0,0,0,5,5,1.153846154,1.777777778,2.0,32,28,6,6,5,1,0,2,0,0,0,0,4,0,0,8,1,0,1,0.333333333,3,1,W
2018,NC,142,20181007,LT,0,B,0,0,27,174,40,37,15,4,0,2,0,1,0,1,2,0,0,10,1,0,0,0,8,7,1.5,3.0,1.8,40,36,2,2,9,3,0,0,0,0,0,0,3,0,1,6,0,1,11,0.111111111,9,1,L
2018,NC,143,20181012,OB,0,T,0,0,24,184,45,38,17,3,0,2,0,0,0,1,6,0,0,12,2,1,0,0,13,8,3.0,3.0,1.8,33,33,2,2,8,1,0,0,0,1,0,0,0,0,0,6,1,1,4,0.25,4,1,L
2018,NC,144,20181013,HH,0,T,0,0,24,139,39,34,11,2,0,1,0,0,0,1,4,0,0,4,1,1,0,0,10,10,6.0,2.25,1.2,41,35,8,8,8,1,0,3,0,0,0,0,6,0,0,11,0,1,6,0.285714286,7,2,L
2018,OB,114,20180904,HT,0,B,0,0,27,152,43,36,7,2,0,1,0,0,0,0,6,1,1,3,0,0,0,0,10,6,3.428571429,1.263157895,1.2,41,37,5,5,11,3,0,1,1,0,0,0,4,1,0,4,1,3,9,0.222222222,9,2,L
2018,OB,115,20180905,HT,0,B,0,0,27,118,36,34,7,1,0,0,0,0,0,0,1,0,1,3,0,0,0,0,1,1,0.428571429,0.0,1.125,45,40,14,14,18,2,0,3,1,0,0,1,3,0,1,4,1,0,7,0.5,12,6,W
2018,OB,116,20180906,SS,0,T,0,2,27,127,33,32,7,2,0,1,0,0,0,0,0,0,1,10,2,1,0,1,2,2,0.375,0.875,1.333333333,42,35,6,6,9,3,0,1,1,0,0,1,4,1,2,6,0,0,9,0.25,8,2,W
2018,OB,117,20180907,SS,0,T,0,2,27,147,38,34,9,1,0,1,0,0,1,0,2,1,1,6,1,0,0,0,2,2,0.666666667,1.5,1.714285714,44,37,6,7,11,1,0,2,1,0,1,0,6,0,0,12,1,0,10,0.4,10,4,W
2018,OB,118,20180908,SK,0,T,0,1,27,141,35,28,5,1,0,0,0,0,1,0,5,0,1,5,3,0,0,0,0,0,0.857142857,1.125,0.545454545,38,33,3,3,7,1,0,1,3,0,2,1,1,0,1,10,0,0,8,0.181818182,11,2,W
2018,OB,119,20180909,SK,0,T,0,0,24,193,45,39,15,1,0,2,1,1,0,0,4,0,2,7,0,1,0,0,14,14,2.5,2.18181818199999,1.09090909099999,35,31,2,2,5,0,0,0,1,0,0,1,2,0,1,8,0,1,6,0.25,4,1,L
2018,OB,120,20180911,LT,0,T,0,0,27,126,35,33,6,0,0,3,0,0,0,0,2,0,0,7,0,0,0,0,4,4,0.0,1.0,1.0,54,46,17,17,19,3,0,4,0,0,0,0,7,0,1,13,0,0,10,0.421052632,19,8,W
2018,OB,121,20180912,LT,0,T,0,0,27,181,44,39,12,4,0,1,0,0,0,0,5,0,0,7,1,1,0,0,9,7,2.333333333,1.5,1.5,44,39,13,13,14,0,1,5,0,0,0,0,5,0,0,4,2,3,4,0.333333333,9,3,W
2018,OB,122,20180913,KT,0,B,0,0,27,130,34,32,6,0,0,2,0,1,0,0,2,0,0,7,0,0,0,0,3,3,0.0,1.2,0.9,41,34,9,10,12,2,1,2,0,0,0,1,5,0,1,5,0,0,7,0.545454545,11,6,W
2018,OB,123,20180914,KT,0,B,0,0,27,148,36,34,8,2,0,1,0,1,0,0,2,0,0,5,1,1,0,0,2,2,1.0,2.5,1.5,37,31,6,7,10,3,0,1,3,2,0,0,3,0,3,6,1,0,6,0.3,10,3,W
2018,OB,124,20180915,NC,0,B,0,0,27,157,46,39,14,2,1,2,0,1,1,0,6,0,0,4,0,1,0,0,13,13,6.0,4.2,1.8,46,39,7,7,10,2,0,1,0,0,0,0,4,1,3,6,1,0,12,0.157894736999999,19,3,L
2018,OB,125,20180916,NC,0,B,0,0,27,153,36,33,5,0,0,0,1,0,0,0,2,0,1,3,1,0,0,0,1,1,1.0,1.0,1.714285714,36,32,5,5,8,1,0,0,1,0,0,0,4,0,0,6,0,2,7,0.5,8,4,W
2018,OB,126,20180918,WO,0,T,0,1,24,171,42,37,15,4,0,1,2,0,1,0,3,0,1,8,0,2,0,0,10,10,1.909090909,1.956521739,5.4,44,38,7,7,14,2,0,4,2,0,0,1,5,0,0,4,0,1,10,0.25,8,2,L
2018,OB,127,20180919,WO,0,T,0,0,28,156,41,35,10,1,0,0,1,0,2,1,2,1,1,12,0,1,0,0,5,5,4.5,1.285714286,1.5,41,36,4,4,7,0,0,1,2,0,0,0,3,0,2,7,2,0,7,0.375,8,3,L
2018,OB,128,20180920,LG,0,T,0,0,27,149,36,33,8,2,0,1,0,2,0,0,3,0,0,11,0,0,0,0,3,3,3.0,1.75,1.5,48,39,9,9,14,4,0,1,1,0,0,2,7,0,0,8,0,0,12,0.375,16,6,W
2018,OB,129,20180921,LG,0,T,0,0,27,143,37,35,9,1,0,1,0,0,0,0,2,0,0,8,0,1,0,0,3,3,1.0,0.0,0.9,45,41,10,10,13,3,0,1,0,0,0,0,4,0,0,9,0,0,8,0.461538462,13,6,W
2018,OB,130,20180922,NC,0,T,0,0,27,182,47,38,14,2,0,3,0,0,0,2,7,0,0,10,0,0,0,0,10,10,2.57142857099999,2.6,3.428571429,50,37,13,13,14,3,0,3,1,0,0,2,8,0,3,6,0,0,10,0.4,15,6,W
2018,OB,131,20180923,NC,0,T,0,1,24,147,33,26,4,0,0,1,1,0,0,1,4,0,2,7,1,0,0,0,4,3,0.6,1.0,1.5,42,39,3,3,13,2,0,0,0,1,1,1,1,0,0,9,0,0,12,0.166666667,12,2,L
2018,OB,132,20180925,WO,0,B,0,1,27,151,38,34,9,3,0,0,0,1,0,0,2,0,2,13,1,1,0,0,2,2,0.9,1.428571429,1.125,44,38,13,13,14,1,0,1,1,0,0,0,5,1,1,5,0,0,7,0.538461538,13,7,W
2018,OB,133,20180926,WO,0,B,0,0,27,143,42,36,9,0,0,3,1,0,0,0,6,0,0,3,1,0,0,0,8,7,1.125,1.263157895,0.75,39,34,9,9,11,1,0,2,1,0,0,0,4,0,1,6,1,2,5,0.666666667,6,4,W
2018,OB,134,20180927,HH,0,T,0,0,24,144,39,33,13,1,0,2,0,1,0,1,4,0,1,3,2,0,0,0,9,7,1.875,3.272727273,0.818181818,39,37,6,6,10,2,0,2,0,0,0,0,2,0,0,14,0,2,6,0.5,6,3,L
2018,OB,135,20180928,HH,0,T,0,0,28,188,46,37,10,2,0,0,4,0,1,0,6,1,2,8,1,3,0,1,5,4,1.09090909099999,1.714285714,1.66666666699999,42,37,4,4,9,2,0,1,1,0,0,0,5,0,0,7,1,0,8,0.2,10,2,L
2018,OB,136,20180929,LG,0,B,0,0,27,206,53,44,16,5,0,0,0,0,1,1,6,0,1,5,0,0,0,0,8,5,1.411764706,2.375,2.666666667,44,39,9,9,14,2,0,2,1,0,0,0,4,0,1,6,0,3,11,0.375,16,6,W
2018,OB,137,20180930,LG,0,B,1,0,27,99,32,30,6,0,0,1,0,0,0,0,0,0,2,5,3,0,0,0,1,1,0.0,0.5,0.75,41,35,7,7,11,1,0,1,2,0,0,1,4,0,1,5,1,0,10,0.214285714,14,3,W
2018,OB,138,20181006,LG,0,B,0,0,27,136,36,33,7,0,0,2,0,0,0,0,3,0,0,5,0,0,0,0,3,3,1.2,1.227272727,1.5,33,28,1,1,4,1,0,0,1,1,0,0,3,0,2,7,2,0,5,0.0,3,0,L
2018,OB,139,20181007,HT,0,B,0,0,30,161,43,40,10,1,0,1,0,0,0,0,3,0,0,8,1,1,0,0,4,4,1.2,1.3,0.692307692,48,41,7,7,13,3,0,1,1,0,0,1,5,1,1,5,0,1,13,0.416666667,12,5,W
2018,OB,140,20181010,SK,0,B,0,0,27,199,44,36,10,1,0,4,4,1,0,0,6,0,2,6,0,1,0,0,12,11,1.5,6.0,3.428571429,42,36,5,5,11,2,0,0,0,0,0,0,6,0,0,12,2,0,10,0.454545455,11,5,L
2018,OB,141,20181011,SK,0,B,0,0,27,142,36,33,7,1,0,1,0,0,0,0,3,0,0,6,1,0,0,0,3,3,0.5,1.25,0.6,39,36,8,8,12,3,0,1,1,0,0,0,3,0,0,10,0,0,7,0.5,10,5,W
2018,OB,142,20181012,NC,0,B,0,0,27,119,33,33,8,1,0,0,0,1,0,0,0,0,0,6,1,0,0,0,2,2,1.0,1.5,1.5,45,38,13,13,17,3,0,2,0,0,0,1,6,0,0,12,2,0,8,0.5,16,8,W
2018,OB,143,20181013,KT,0,B,0,0,30,142,43,37,12,0,0,2,0,1,1,1,4,0,0,3,1,0,0,0,4,4,1.5,1.6,1.0,40,40,3,3,15,0,0,0,2,1,0,0,0,0,0,8,4,0,7,0.230769231,13,3,L
2018,OB,144,20181014,LT,0,T,0,1,27,116,34,32,9,3,0,0,0,0,0,0,2,0,0,4,3,0,0,0,1,1,1.0,1.285714286,0.9,37,34,4,5,8,0,0,1,1,0,0,0,2,0,1,2,1,0,5,0.333333333,6,2,W
2018,SK,114,20180905,WO,0,B,0,0,30,166,45,40,11,2,0,4,0,0,0,0,3,0,2,11,1,0,0,0,11,11,4.0,1.565217391,1.2,50,46,12,12,17,1,1,3,0,0,0,0,2,0,2,12,0,1,9,0.461538462,13,6,W
2018,SK,115,20180906,LT,0,T,0,0,24,158,42,37,13,6,0,1,0,0,0,0,5,0,0,9,0,0,0,0,10,10,2.0,1.8,6.0,30,30,0,0,4,1,0,0,1,0,0,0,0,0,0,10,1,1,3,0.0,2,0,L
2018,SK,116,20180907,LT,0,T,0,2,27,129,35,33,7,1,0,0,2,0,0,0,2,0,0,8,1,0,0,0,0,0,0.428571429,0.857142857,1.0,34,30,2,3,3,1,0,1,1,0,1,0,2,0,1,7,0,0,4,0.125,8,1,W
2018,SK,117,20180908,OB,0,B,0,0,27,133,38,33,7,1,0,1,3,0,2,1,1,0,1,10,0,0,0,0,3,2,0.6,0.923076923,0.6,35,28,0,0,5,1,0,0,0,0,1,0,5,0,1,5,3,2,8,0.0,5,0,L
2018,SK,118,20180909,OB,0,B,0,0,27,128,35,31,5,0,0,0,1,0,0,1,2,0,1,8,0,0,1,0,2,2,1.5,1.0,1.0,45,39,14,14,15,1,0,2,1,1,0,0,4,0,2,7,0,0,7,0.4,20,8,W
2018,SK,119,20180911,KT,0,B,0,0,30,197,46,39,10,0,0,2,1,0,1,0,5,0,1,13,0,1,0,0,3,3,0.25,1.5,2.625,43,35,4,4,7,2,0,0,1,1,0,0,7,0,1,13,0,1,10,0.363636364,11,4,W
2018,SK,120,20180912,KT,0,B,0,0,27,154,37,36,8,1,0,2,0,0,0,0,1,0,0,13,0,1,0,0,3,3,1.2,1.4,0.666666667,38,35,6,8,15,2,0,1,0,0,1,0,1,0,1,4,2,1,6,0.384615385,13,5,W
2018,SK,121,20180913,HH,0,T,0,3,27,142,36,32,5,0,0,1,0,0,0,0,3,0,1,9,0,0,0,0,1,1,0.75,0.888888889,0.272727273,35,33,2,2,8,0,0,1,1,0,0,0,2,0,0,4,2,0,6,0.333333333,3,1,W
2018,SK,122,20180914,HH,0,T,0,2,27,141,38,37,11,4,0,1,0,0,0,0,1,0,0,9,0,1,0,0,5,5,1.5,1.058823529,2.142857143,40,35,7,7,7,3,0,1,1,0,0,0,4,0,1,9,0,1,6,0.181818182,11,2,W
2018,SK,123,20180915,HT,0,T,0,1,24,160,38,31,10,3,0,0,0,1,0,0,7,1,0,8,1,0,0,0,4,3,3.6,2.125,1.2,33,31,2,2,6,2,0,0,1,0,1,0,1,0,0,7,1,1,4,0.125,8,1,L
2018,SK,124,20180916,HT,0,T,0,0,28,208,52,37,13,0,0,2,0,0,2,0,13,1,0,6,1,1,0,0,7,7,1.75,2.785714286,1.909090909,47,41,6,6,13,3,1,2,0,1,0,0,6,1,0,8,1,1,11,0.181818182,11,2,L
2018,SK,125,20180918,KT,0,T,0,0,24,161,41,37,12,1,0,1,3,1,0,0,4,1,0,5,0,0,0,0,9,3,5.25,2.086956522,2.333333333,41,34,5,5,9,2,0,0,0,0,1,0,6,0,0,4,1,2,9,0.363636364,11,4,L
2018,SK,126,20180919,KT,0,T,0,0,27,150,37,33,8,1,0,4,0,0,0,0,4,0,0,8,1,0,0,0,8,8,1.5,1.5,3.0,50,43,18,18,17,2,0,6,0,0,0,1,6,0,0,10,0,0,5,0.666666667,9,6,W
2018,SK,127,20180920,HH,0,B,0,0,27,148,40,36,10,0,0,3,2,0,1,0,2,0,1,8,2,1,0,0,8,5,1.285714286,1.636363636,0.9,37,36,2,2,10,2,0,0,0,0,0,1,0,0,0,7,0,3,8,0.142857143,7,1,L
2018,SK,128,20180921,HH,0,B,0,2,27,137,39,36,11,1,0,1,0,0,0,0,2,0,1,8,1,1,0,0,4,4,0.3,1.444444444,0.461538462,37,32,5,5,9,0,0,2,2,1,1,0,2,0,2,6,0,1,8,0.2,10,2,W
2018,SK,129,20180922,WO,0,T,0,0,24,149,37,32,9,2,0,1,2,0,0,0,4,0,1,8,1,2,0,0,8,7,1.2,7.5,1.0,36,35,2,2,6,0,0,1,0,0,0,0,0,0,1,10,0,1,7,0.0,3,0,L
2018,SK,130,20180923,WO,0,T,0,0,24,118,33,33,9,2,0,0,1,1,0,0,0,0,0,9,1,0,0,0,4,3,1.125,1.6875,1.333333333,34,29,0,0,6,2,0,0,0,2,0,0,2,0,3,7,2,2,7,0.0,5,0,L
2018,SK,131,20180925,LG,0,B,0,1,27,167,44,38,11,2,1,1,0,1,0,0,5,0,1,9,0,1,0,0,7,7,1.25,1.5,1.0,47,43,16,16,21,2,0,5,0,0,2,0,1,0,1,4,0,1,7,0.5,14,7,W
2018,SK,132,20180926,LG,0,B,0,0,27,133,34,32,6,0,0,0,0,1,0,0,2,0,0,12,0,0,0,0,2,2,3.0,1.0,1.0,37,33,5,5,7,2,0,1,1,0,0,0,3,0,1,5,0,1,8,0.222222222,9,2,W
2018,SK,133,20180927,NC,0,B,0,0,27,116,35,35,9,1,0,3,0,0,0,0,0,0,0,5,1,1,0,0,4,4,2.0,0.666666667,1.875,41,36,10,11,14,2,0,1,2,0,0,1,3,0,1,6,1,0,6,0.5,12,6,W
2018,SK,134,20180928,NC,0,B,0,0,27,120,32,30,7,0,0,1,0,0,0,0,2,0,0,6,4,1,0,0,2,2,0.0,1.0,0.214285714,36,32,6,6,8,1,0,2,1,0,0,0,4,0,0,6,0,0,6,0.285714286,7,2,W
2018,SK,135,20180929,SS,0,T,0,0,24,189,42,31,11,3,0,1,2,1,1,1,8,1,1,8,1,1,0,0,9,8,2.454545455,2.1,4.0,37,33,3,3,7,0,0,2,1,0,0,0,3,0,1,9,1,1,7,0.0,6,0,L
2018,SK,136,20180930,SS,0,T,0,0,27,163,39,35,8,0,1,1,2,0,0,0,4,0,0,11,1,1,0,1,4,4,0.818181818,1.0,1.2,39,37,7,8,9,5,0,2,0,0,0,0,2,0,0,12,0,1,4,0.3,10,3,W
2018,SK,137,20181002,LT,0,B,0,2,30,183,48,42,14,1,0,4,0,0,0,0,5,0,1,11,2,2,0,0,8,8,1.333333333,1.636363636,1.0,46,38,6,6,10,2,0,2,2,0,1,0,7,0,0,12,1,0,10,0.2,15,3,L
2018,SK,138,20181004,HT,0,B,0,0,27,144,39,36,11,0,0,4,1,0,1,0,2,0,0,5,0,0,0,0,7,7,1.0,6.0,1.66666666699999,44,35,3,3,10,0,0,1,0,0,0,1,7,0,1,14,1,0,14,0.125,8,1,L
2018,SK,139,20181006,HT,1,B,0,0,27,155,47,37,13,1,0,1,1,0,1,1,4,1,4,6,0,0,0,0,8,7,1.23529411799999,2.0625,3.0,38,34,3,4,8,0,0,2,3,0,0,0,3,0,1,5,0,2,7,0.142857143,7,1,L
2018,SK,140,20181006,HT,2,B,0,0,27,138,37,36,9,0,0,3,0,1,0,0,1,0,0,8,1,0,0,1,5,5,3.0,0.857142857,2.142857143,38,34,7,7,11,2,0,0,2,0,1,0,3,0,0,8,0,1,7,0.352941176,17,6,W
2018,SK,141,20181009,SS,0,B,0,0,27,148,42,37,11,0,0,3,2,0,1,0,3,0,1,10,0,0,0,0,8,8,3.75,1.411764706,3.0,40,36,4,4,8,0,0,2,0,0,0,0,4,0,0,9,0,0,9,0.25,4,1,L
2018,SK,142,20181010,OB,0,T,0,1,27,184,42,36,11,2,0,0,0,0,0,0,6,0,0,12,2,1,0,0,5,5,2.625,1.5,1.8,44,36,12,12,10,1,0,4,4,1,0,0,6,0,2,6,0,0,5,0.272727273,11,3,W
2018,SK,143,20181011,OB,0,T,0,0,24,153,39,36,12,3,0,1,1,0,0,0,3,0,0,10,0,1,0,0,8,7,3.5,1.772727273,0.9,36,33,3,3,7,1,0,1,0,0,0,0,3,0,0,6,1,1,6,0.142857143,7,1,L
2018,SK,144,20181013,LG,0,B,0,1,27,154,40,34,8,2,0,0,1,0,1,0,4,0,1,8,1,1,0,0,3,3,1.333333333,1.333333333,1.09090909099999,40,38,2,2,12,0,0,1,1,1,0,0,0,0,2,12,0,1,11,0.25,8,2,L
2018,SS,114,20180814,WO,0,B,0,0,27,230,54,46,19,3,0,2,1,0,0,0,5,0,3,11,0,0,0,0,11,11,1.8,3.272727273,2.333333333,44,39,9,10,13,2,0,3,2,0,0,1,3,0,1,4,0,0,7,0.416666667,12,5,L
2018,SS,115,20180815,WO,0,B,0,0,27,155,37,34,10,2,0,0,2,0,1,0,2,0,0,9,1,1,0,0,3,3,1.0,1.333333333,1.0,32,31,2,2,7,1,0,1,0,2,0,0,1,0,0,8,1,1,3,0.5,2,1,L
2018,SS,116,20180816,HH,0,B,0,1,27,134,32,30,5,2,0,0,0,0,0,0,2,0,0,9,1,0,0,0,2,2,0.75,0.391304347999999,1.5,35,28,3,5,6,2,0,1,1,0,1,0,6,0,0,8,2,0,6,0.0,6,0,W
2018,SS,117,20180904,NC,0,T,0,0,27,120,32,31,6,2,0,1,0,0,0,0,1,0,0,6,2,0,0,0,3,3,0.6,0.72,0.6,45,37,5,5,9,1,0,0,1,0,0,0,5,0,3,11,0,0,13,0.166666667,12,2,W
2018,SS,118,20180905,NC,0,T,0,1,27,126,31,27,2,0,0,1,0,0,0,0,3,0,1,8,2,0,0,0,3,3,0.0,0.230769231,0.6,39,32,5,5,8,2,0,0,1,1,1,0,5,0,1,6,2,0,7,0.333333333,9,3,W
2018,SS,119,20180906,OB,0,B,0,0,27,165,42,35,9,3,0,1,1,0,0,1,4,1,2,6,0,0,0,0,6,6,2.142857143,1.625,1.66666666699999,33,32,2,2,7,2,0,1,0,0,0,0,0,0,1,10,2,0,4,0.125,8,1,L
2018,SS,120,20180907,OB,0,B,0,0,27,163,44,37,11,1,0,2,1,0,1,0,6,0,0,12,1,0,0,0,7,6,2.57142857099999,1.65,1.2,38,34,2,2,9,1,0,1,0,0,1,0,2,1,1,6,1,1,9,0.1,10,1,L
2018,SS,121,20180908,HT,0,T,0,0,24,162,40,34,12,0,1,3,1,0,0,1,4,0,1,6,1,0,0,1,12,11,6.0,1.714285714,1.0,37,34,4,4,8,2,0,0,0,0,0,0,3,0,0,6,1,0,6,0.375,8,3,L
2018,SS,122,20180909,HT,0,T,0,3,27,161,37,32,4,1,1,1,0,0,0,0,4,0,1,9,0,0,0,0,5,5,4.5,0.923076923,0.666666667,41,36,6,6,9,0,0,1,1,0,0,0,5,1,0,10,0,1,8,0.285714286,7,2,W
2018,SS,123,20180911,HH,0,B,0,0,36,195,51,47,12,0,0,3,2,1,0,0,4,0,0,16,0,0,0,0,8,8,4.5,0.857142857,1.909090909,50,47,7,7,12,1,0,1,1,1,0,0,3,0,0,9,0,1,7,0.444444444,9,4,L
2018,SS,124,20180912,HH,0,B,0,0,27,152,40,36,9,1,0,3,0,1,0,0,4,0,0,10,0,0,0,0,7,7,2.4,2.333333333,0.5,34,29,3,3,6,0,0,1,1,0,0,0,4,0,1,6,4,1,4,0.25,4,1,L
2018,SS,125,20180913,LG,0,B,0,0,27,161,44,35,12,2,0,1,0,1,2,0,6,0,1,5,0,0,0,0,6,6,2.333333333,2.454545455,5.4,40,37,4,5,10,3,0,0,0,1,0,0,3,0,0,10,1,0,8,0.25,8,2,L
2018,SS,126,20180914,LG,0,B,0,0,27,128,33,30,3,1,0,1,1,0,0,0,3,0,0,5,0,0,0,0,1,1,0.75,0.333333333,1.0,33,31,6,6,9,1,0,3,0,1,0,0,2,0,0,10,1,0,3,0.25,4,1,W
2018,SS,127,20180915,KT,0,T,0,1,27,165,41,37,12,1,0,1,0,0,0,0,3,0,1,4,2,1,0,0,5,5,1.8,0.642857143,1.8,44,41,7,7,14,1,1,1,0,0,0,1,1,0,1,8,0,0,10,0.333333333,12,4,W
2018,SS,128,20180916,KT,0,T,0,0,24,141,35,30,11,1,0,0,0,1,1,1,2,0,1,5,1,0,0,0,4,4,0.857142857,1.625,3.5,38,34,2,2,8,2,0,0,2,0,0,0,3,0,1,8,0,0,9,0.222222222,9,2,L
2018,SS,129,20180918,HT,0,B,0,0,27,182,52,42,16,2,0,3,0,0,0,1,6,0,3,6,1,0,0,0,18,16,2.727272727,2.142857143,4.285714286,37,34,3,3,7,2,0,1,0,0,0,0,3,0,0,9,0,2,7,0.153846154,13,2,L
2018,SS,130,20180919,HT,0,B,0,1,27,159,42,38,13,1,0,3,1,0,0,0,4,0,0,6,1,0,0,0,8,8,2.5,1.736842105,4.5,45,41,8,9,15,3,0,3,3,0,0,0,4,0,0,13,0,0,10,0.333333333,12,4,W
2018,SS,131,20180920,WO,0,T,0,0,24,131,39,33,10,5,0,0,1,0,0,1,4,1,1,7,0,1,0,0,3,3,1.285714286,1.75,1.875,41,37,2,2,10,0,0,2,2,0,0,0,4,0,0,7,0,0,12,0.0,6,0,L
2018,SS,132,20180921,WO,0,T,0,0,27,155,39,37,10,2,0,1,0,0,0,0,2,0,0,12,0,0,0,0,3,3,1.0,1.0,3.5,46,38,9,10,15,2,0,1,2,0,1,1,5,0,1,8,1,0,9,0.375,16,6,W
2018,SS,133,20180922,LT,0,B,0,0,27,181,40,36,9,2,0,2,0,1,0,0,2,0,2,11,0,1,0,0,5,5,2.0,1.5,1.333333333,36,34,2,2,8,3,1,1,1,0,0,0,2,0,0,10,0,1,7,0.0,7,0,L
2018,SS,134,20180923,LT,0,B,0,0,27,124,38,32,7,1,0,0,0,0,1,0,4,0,1,6,2,0,0,0,2,2,0.818181818,1.375,0.545454545,33,31,5,5,8,1,0,1,1,0,2,0,0,0,0,6,0,1,4,0.285714286,7,2,W
2018,SS,135,20180925,HH,0,T,0,0,27,121,33,31,6,0,0,1,1,0,0,0,2,0,0,7,2,0,0,0,1,1,0.0,0.0,0.25,42,32,6,8,10,2,0,3,1,0,1,2,6,0,1,3,2,0,7,0.125,8,1,W
2018,SS,136,20180926,HH,0,T,0,0,24,126,34,32,9,0,0,5,0,1,0,1,1,0,0,5,0,0,0,0,8,7,0.0,1.153846154,1.714285714,40,35,4,4,9,1,1,1,2,0,0,0,5,0,0,5,0,1,9,0.25,8,2,L
2018,SS,137,20180927,KT,0,B,0,0,27,157,43,36,12,1,0,2,0,0,2,0,5,1,0,10,1,0,0,0,6,6,2.0,1.956521739,2.625,37,35,7,7,12,0,2,2,0,0,0,0,2,0,0,7,0,0,6,0.333333333,6,2,W
2018,SS,138,20180928,KT,0,B,0,0,36,215,53,47,14,1,0,2,3,0,1,0,5,1,0,11,1,0,0,0,5,5,0.75,1.583333333,1.5,51,47,5,5,13,1,0,2,1,0,1,0,3,0,0,8,0,0,10,0.142857143,7,1,D
2018,SS,139,20180929,SK,0,B,0,1,27,140,37,33,7,0,0,2,1,0,0,0,3,0,1,9,1,1,0,0,3,3,0.5,1.428571429,1.0,42,31,9,9,11,3,0,1,2,1,1,1,8,1,1,8,1,0,9,0.25,12,3,W
2018,SS,140,20180930,SK,0,B,0,0,27,175,39,37,9,5,0,2,0,0,0,0,2,0,0,12,0,0,0,0,8,4,2.5,2.25,0.545454545,39,35,4,4,8,0,1,1,2,0,0,0,4,0,0,11,1,1,8,0.153846154,13,2,L
2018,SS,141,20181003,HT,0,B,0,0,27,153,39,34,12,1,0,1,0,0,2,0,2,0,1,11,1,0,0,0,5,5,1.5,2.0,1.66666666699999,51,44,19,20,20,6,1,2,0,0,0,0,5,0,2,12,1,0,7,0.588235294,17,10,W
2018,SS,142,20181006,KT,0,T,0,0,24,145,34,32,9,3,0,0,1,1,0,0,2,0,0,10,0,0,0,0,6,5,1.5,2.4,0.545454545,35,31,1,1,6,0,0,1,0,1,0,0,3,0,1,4,1,1,7,0.0,3,0,L
2018,SS,143,20181009,SK,0,T,0,0,27,163,40,36,8,0,0,2,0,0,0,0,4,0,0,9,0,0,0,0,4,4,1.5,1.928571429,0.818181818,42,37,8,8,11,0,0,3,2,0,1,0,3,0,1,10,0,0,7,0.555555556,9,5,W
2018,SS,144,20181013,WO,0,B,0,0,27,144,38,35,9,0,1,2,1,0,0,0,3,0,0,6,1,0,0,0,5,5,3.0,0.5,3.0,44,40,12,12,18,2,0,4,2,1,0,1,3,0,0,8,1,0,8,0.416666667,12,5,W
2018,WO,114,20180811,LG,0,B,0,0,27,159,41,37,11,2,0,1,1,0,1,1,2,0,0,10,0,0,0,0,8,7,2.25,1.833333333,1.5,48,39,13,13,18,3,0,3,0,0,1,0,6,1,2,4,1,2,11,0.294117647,17,5,W
2018,WO,115,20180812,LG,0,B,0,2,27,150,39,34,10,2,0,0,1,0,1,0,4,0,0,4,2,0,0,0,3,1,0.8,1.625,1.363636364,41,37,11,11,15,2,0,1,1,0,0,1,3,0,0,5,1,1,6,0.538461538,13,7,W
2018,WO,116,20180814,SS,0,T,0,1,27,154,44,39,13,2,0,3,2,0,0,1,3,0,1,4,0,0,0,0,10,9,2.625,1.8,1.66666666699999,54,46,11,11,19,3,0,2,1,0,0,0,5,0,3,11,0,2,16,0.318181818,22,7,W
2018,WO,117,20180815,SS,0,T,0,0,27,111,32,31,7,1,0,1,0,2,0,0,1,0,0,8,1,0,0,0,2,2,1.5,0.888888889,1.66666666699999,37,34,3,3,10,2,0,0,2,0,1,0,2,0,0,9,1,0,7,0.333333333,9,3,W
2018,WO,118,20180816,OB,0,T,0,0,24,157,38,33,11,0,0,0,0,0,0,1,4,0,0,9,1,1,0,0,8,8,1.66666666699999,1.764705882,0.6,36,32,2,2,8,0,0,0,2,1,0,0,4,0,0,10,3,1,7,0.222222222,9,2,L
2018,WO,119,20180904,SK,0,T,0,2,27,159,39,34,9,0,0,1,0,0,0,1,3,0,1,7,0,1,0,0,3,3,0.5,0.923076923,1.875,38,37,7,7,11,1,0,3,1,1,0,0,1,0,0,7,0,0,4,0.5,6,3,W
2018,WO,120,20180905,SK,0,T,0,0,29,185,50,46,17,1,1,3,0,0,0,0,2,0,2,12,0,0,0,0,12,12,2.57142857099999,1.857142857,2.333333333,45,40,11,11,11,2,0,4,0,0,0,0,3,0,2,11,1,1,4,0.4,5,2,L
2018,WO,121,20180906,HT,0,T,0,0,24,136,36,27,7,1,0,1,0,0,1,1,6,0,1,8,1,1,0,0,7,7,1.875,1.428571429,1.0,37,35,2,2,8,4,0,0,0,0,0,0,1,0,1,12,0,0,8,0.076923077,13,1,L
2018,WO,122,20180907,HT,0,T,0,0,24,162,39,30,8,2,0,0,0,0,1,1,6,0,1,9,0,1,0,1,7,5,1.25,2.117647059,1.5,41,37,5,5,12,0,0,1,0,0,0,1,3,0,0,10,1,0,9,0.2,10,2,L
2018,WO,123,20180908,KT,0,B,0,0,27,188,49,42,18,3,1,3,0,0,2,0,4,0,1,8,0,0,0,1,12,12,3.0,2.4375,2.4,46,37,6,6,11,4,0,1,1,0,0,0,8,0,1,5,1,0,13,0.333333333,15,5,L
2018,WO,124,20180909,KT,0,B,0,0,27,116,33,32,6,1,0,2,0,0,0,0,1,0,0,3,1,0,0,0,4,4,0.0,0.444444444,1.5,38,34,4,6,9,3,0,0,0,0,1,0,3,1,0,7,0,0,8,0.363636364,11,4,W
2018,WO,125,20180911,LG,0,T,0,2,27,137,34,33,7,2,0,0,0,0,0,0,1,0,0,6,1,1,0,0,1,1,0.6,0.888888889,1.5,34,32,2,3,6,2,0,1,0,0,0,0,2,0,0,12,1,0,4,0.2,5,1,W
2018,WO,126,20180912,LG,0,T,0,1,28,146,41,38,10,4,0,1,2,0,0,0,3,1,0,5,1,1,0,1,5,4,1.2,1.269230769,1.5,39,37,4,4,6,0,0,1,1,0,0,0,2,1,0,8,0,0,5,0.2,5,1,L
2018,WO,127,20180914,NC,0,T,0,0,24,155,40,34,10,2,0,1,0,0,0,0,5,0,1,6,1,0,0,0,7,7,2.25,2.647058824,2.57142857099999,36,32,3,3,6,1,0,1,0,0,0,0,3,0,1,7,1,1,6,0.142857143,7,1,L
2018,WO,128,20180915,LT,0,T,0,0,27,156,41,34,8,0,0,3,1,0,1,0,6,0,0,12,0,0,1,1,5,4,0.666666667,1.55555555599999,0.75,40,33,6,6,9,2,0,1,0,0,1,1,5,0,0,8,1,0,7,0.3,10,3,W
2018,WO,129,20180916,LT,0,T,1,0,27,105,31,30,3,1,0,0,0,0,0,0,1,0,0,9,0,0,0,0,0,0,0.0,0.444444444,1.125,32,31,2,2,5,1,0,0,0,0,0,0,1,0,0,11,1,0,3,0.333333333,3,1,W
2018,WO,130,20180918,OB,0,B,0,0,27,179,44,38,14,2,0,4,2,0,0,1,5,0,0,4,0,0,0,0,7,6,1.125,2.318181818,0.692307692,42,37,10,10,15,4,0,1,2,0,1,0,3,0,1,8,0,3,8,0.375,16,6,W
2018,WO,131,20180919,OB,0,B,0,0,30,165,41,36,7,0,0,1,2,0,0,0,3,0,2,7,2,0,0,0,4,4,2.0,1.0,0.75,41,35,5,5,10,1,0,0,1,0,2,1,2,1,1,12,0,2,8,0.714285714,7,5,W
2018,WO,132,20180920,SS,0,B,0,3,27,170,41,37,10,0,0,2,2,0,0,0,4,0,0,7,0,0,0,0,2,2,1.0,1.55555555599999,1.5,39,33,3,3,10,5,0,0,1,0,0,1,4,1,1,7,0,0,12,0.1875,16,3,W
2018,WO,133,20180921,SS,0,B,0,0,27,186,46,38,15,2,0,1,2,0,1,1,5,0,1,8,1,0,0,0,10,9,2.25,2.4375,4.0,39,37,3,3,10,2,0,1,0,0,0,0,2,0,0,12,0,2,9,0.25,8,2,L
2018,WO,134,20180922,SK,0,B,0,0,27,126,36,35,6,0,0,1,0,0,0,0,0,0,1,10,0,0,0,1,2,2,0.0,0.0,0.75,37,32,7,8,9,2,0,1,2,0,0,0,4,0,1,8,1,1,5,0.285714286,14,4,W
2018,WO,135,20180923,SK,0,B,0,0,27,142,34,29,6,2,0,0,0,2,0,0,2,0,3,7,2,0,0,0,0,0,0.5,1.0,0.6,33,33,3,4,9,2,0,0,1,1,0,0,0,0,0,9,1,0,5,0.3,10,3,W
2018,WO,136,20180925,OB,0,T,0,0,24,168,44,38,14,1,0,1,1,0,0,0,5,1,1,5,0,1,0,0,13,13,5.0,1.95,3.0,38,34,2,2,9,3,0,0,0,1,0,0,2,0,2,13,1,0,9,0.2,10,2,L
2018,WO,137,20180926,OB,0,T,0,0,25,149,39,34,11,1,0,2,1,0,0,0,4,0,1,6,1,1,0,0,9,9,7.5,1.5,2.57142857099999,42,36,8,8,9,0,0,3,1,0,0,0,6,0,0,3,1,0,7,0.3,10,3,L
2018,WO,138,20180927,LT,0,B,0,0,27,157,42,37,13,3,0,2,1,1,0,1,4,0,0,5,1,0,0,0,8,8,2.0,2.0,2.333333333,39,34,5,6,8,2,0,0,0,0,0,0,4,0,1,7,0,0,6,0.571428571,7,4,L
2018,WO,139,20180928,LT,0,B,0,0,27,157,42,40,14,2,0,3,0,0,0,0,1,0,1,9,0,0,0,0,8,8,1.5,1.35,0.75,37,29,7,9,5,2,1,1,0,0,0,1,4,0,3,12,0,0,4,0.25,8,2,W
2018,WO,140,20180929,NC,0,B,0,0,27,143,39,37,11,3,0,0,2,1,1,0,1,0,0,6,0,0,0,0,5,4,2.5,1.2,1.0,38,37,6,6,10,1,0,3,0,0,0,0,1,1,0,10,0,2,6,0.25,8,2,W
2018,WO,141,20180930,NC,0,B,0,0,27,152,33,32,5,1,0,2,0,0,0,0,1,0,0,9,0,1,0,0,2,2,0.0,0.666666667,1.5,34,32,8,8,9,1,0,3,0,1,0,0,2,0,0,10,0,0,2,0.6,5,3,W
2018,WO,142,20181006,NC,0,T,0,2,25,123,32,28,5,1,0,2,0,0,0,0,4,0,0,8,1,0,0,0,6,6,1.5,1.08,1.5,41,35,5,5,12,4,0,2,0,1,0,1,4,0,1,11,1,0,9,0.230769231,13,3,L
2018,WO,143,20181012,KT,0,T,0,2,27,161,40,35,11,4,0,0,0,0,0,0,5,0,0,6,2,2,0,0,5,5,2.142857143,1.285714286,1.5,43,41,9,10,15,6,1,1,0,0,0,1,1,0,0,7,0,2,6,0.454545455,11,5,W
2018,WO,144,20181013,SS,0,T,0,0,24,157,44,40,18,2,0,4,2,1,0,1,3,0,0,8,1,0,0,1,12,10,2.0,15.0,2.625,38,35,5,5,9,0,1,2,1,0,0,0,3,0,0,6,1,0,6,0.4,5,2,L
